major_label,months,rif_leg,deleg_4type
Justice & crime,59,10,primary
State operations,59,10,consolidating
Rights & liberties,59,10,primary
State operations,59,10,primary
State operations,59,10,primary
State operations,59,10,primary
State property,59,10,primary
Justice & crime,59,10,primary
Foreign trade,59,10,primary
Macroeconomics,59,10,consolidating
Foreign trade,59,10,primary
Foreign trade,59,10,primary
Economic regulation,59,10,EU-related
Economic regulation,59,10,EU-related
State operations,59,10,primary
State operations,59,10,primary
State operations,59,10,primary
State operations,59,10,primary
State operations,59,10,consolidating
Macroeconomics,59,10,primary
State operations,59,10,primary
Health,59,10,primary
State operations,59,10,consolidating
Health,59,10,EU-related
Environment,59,10,EU-related
Health,59,10,EU-related
Health,59,10,EU-related
Labor & employment,59,10,EU-related
Economic regulation,59,10,primary
Economic regulation,59,10,primary
State operations,59,10,primary
Economic regulation,59,10,primary
Research,59,10,primary
Justice & crime,59,10,primary
Justice & crime,59,10,primary
Justice & crime,59,10,primary
Justice & crime,59,10,primary
Justice & crime,59,10,primary
Justice & crime,59,10,primary
State operations,59,10,primary
Macroeconomics,59,10,primary
Macroeconomics,59,10,primary
Macroeconomics,59,10,primary
State operations,59,10,EU-related
State operations,59,10,EU-related
Labor & employment,59,10,EU-related
Economic regulation,59,10,EU-related
Economic regulation,59,10,EU-related
Economic regulation,59,10,EU-related
Economic regulation,59,10,EU-related
State operations,59,10,EU-related
Economic regulation,59,10,EU-related
Economic regulation,59,10,EU-related
Economic regulation,59,10,EU-related
Economic regulation,59,10,EU-related
Economic regulation,59,10,EU-related
Economic regulation,59,10,EU-related
Economic regulation,59,10,EU-related
Economic regulation,59,10,EU-related
Economic regulation,59,10,EU-related
Economic regulation,59,10,EU-related
Economic regulation,59,10,EU-related
Labor & employment,59,10,EU-related
Labor & employment,59,10,EU-related
Education,59,10,EU-related
Agriculture,59,10,EU-related
Agriculture,59,10,EU-related
Economic regulation,59,10,EU-related
Transport,59,10,EU-related
Economic regulation,59,10,EU-related
Health,59,10,EU-related
Health,59,10,EU-related
Health,59,10,EU-related
Agriculture,59,10,EU-related
Agriculture,59,10,EU-related
Agriculture,59,10,EU-related
Environment,59,10,EU-related
Environment,59,10,EU-related
Economic regulation,59,10,EU-related
Environment,59,10,EU-related
Education,59,10,EU-related
State property,59,10,EU-related
Economic regulation,59,10,EU-related
Education,59,10,consolidating
Transport,59,10,primary
Transport,59,10,primary
State operations,59,10,primary
Justice & crime,59,10,primary
Justice & crime,59,10,primary
Macroeconomics,59,10,EU-related
Labor & employment,59,10,EU-related
Labor & employment,59,10,EU-related
Macroeconomics,59,10,EU-related
Rights & liberties,59,10,EU-related
Health,59,10,EU-related
Environment,59,10,EU-related
Agriculture,59,10,EU-related
Agriculture,59,10,EU-related
Economic regulation,59,10,EU-related
Agriculture,59,10,EU-related
Labor & employment,59,10,EU-related
Economic regulation,59,10,EU-related
Energy,59,10,EU-related
Macroeconomics,59,10,EU-related
Health,59,10,EU-related
Research,59,10,EU-related
Education,59,10,EU-related
Macroeconomics,59,10,EU-related
Research,59,10,EU-related
Economic regulation,59,10,EU-related
Economic regulation,59,10,EU-related
Economic regulation,59,10,EU-related
Economic regulation,59,10,EU-related
Economic regulation,59,10,EU-related
Economic regulation,59,10,EU-related
Macroeconomics,59,10,EU-related
Macroeconomics,59,10,EU-related
Agriculture,59,10,EU-related
Health,59,10,EU-related
Environment,59,10,EU-related
State operations,59,10,primary
Justice & crime,59,10,primary
Defense,59,10,primary
Justice & crime,59,10,primary
Justice & crime,24,11,primary
Health,24,11,primary
Health,24,11,corrective
State operations,24,11,primary
State operations,24,11,corrective
Labor & employment,24,11,corrective
Labor & employment,24,11,primary
State operations,24,11,primary
State operations,24,11,corrective
State operations,24,11,primary
Macroeconomics,24,11,primary
Economic regulation,24,11,EU-related
Foreign trade,24,11,EU-related
Health,24,11,EU-related
Health,24,11,EU-related
Health,24,11,EU-related
Health,24,11,EU-related
Agriculture,24,11,EU-related
Agriculture,24,11,EU-related
Agriculture,24,11,EU-related
Agriculture,24,11,EU-related
Agriculture,24,11,EU-related
Agriculture,24,11,EU-related
Agriculture,24,11,EU-related
Research,24,11,EU-related
Research,24,11,EU-related
Economic regulation,24,11,EU-related
Justice & crime,24,11,EU-related
Macroeconomics,24,11,EU-related
Macroeconomics,24,11,primary
State property,24,11,primary
Macroeconomics,24,11,primary
Macroeconomics,24,11,consolidating
State operations,24,11,consolidating
State operations,24,11,primary
State operations,24,11,consolidating
Foreign policy,24,11,primary
State operations,24,11,primary
State operations,24,11,consolidating
Macroeconomics,24,11,consolidating
Labor & employment,24,11,primary
Social policy,24,11,primary
State operations,24,11,primary
State operations,24,11,primary
Social policy,24,11,primary
Labor & employment,24,11,primary
Education,24,11,primary
Macroeconomics,24,11,corrective
Environment,24,11,primary
Foreign policy,24,11,primary
State operations,24,11,primary
Education,24,11,primary
Justice & crime,24,11,consolidating
State operations,24,11,primary
Foreign policy,24,11,primary
State operations,24,11,EU-related
Economic regulation,24,11,EU-related
Economic regulation,24,11,EU-related
Economic regulation,24,11,EU-related
Economic regulation,24,11,EU-related
Macroeconomics,24,11,EU-related
Economic regulation,24,11,EU-related
Macroeconomics,24,11,EU-related
Economic regulation,24,11,EU-related
Health,24,11,EU-related
Justice & crime,24,11,EU-related
Agriculture,24,11,EU-related
Macroeconomics,24,11,EU-related
Macroeconomics,24,11,EU-related
Agriculture,24,11,EU-related
Labor & employment,24,11,EU-related
Labor & employment,24,11,EU-related
Macroeconomics,24,11,EU-related
Macroeconomics,24,11,EU-related
Macroeconomics,24,11,EU-related
Environment,24,11,EU-related
Environment,24,11,EU-related
Agriculture,24,11,EU-related
Health,24,11,EU-related
Macroeconomics,24,11,EU-related
Research,24,11,EU-related
Macroeconomics,24,11,EU-related
Justice & crime,24,11,EU-related
State operations,24,11,EU-related
Agriculture,24,11,EU-related
Macroeconomics,24,11,EU-related
Education,24,11,EU-related
Macroeconomics,24,11,EU-related
Economic regulation,25,12,primary
Economic regulation,25,12,primary
Economic regulation,25,12,primary
State operations,25,12,primary
Macroeconomics,25,12,primary
Labor & employment,25,12,primary
Labor & employment,25,12,primary
Labor & employment,25,12,primary
Macroeconomics,25,12,primary
Labor & employment,25,12,primary
State operations,25,12,primary
State operations,25,12,primary
Labor & employment,25,12,primary
Labor & employment,25,12,primary
Labor & employment,25,12,primary
Labor & employment,25,12,consolidating
Labor & employment,25,12,corrective
State operations,25,12,primary
Social policy,25,12,primary
Transport,25,12,primary
Defense,25,12,primary
State operations,25,12,primary
Economic regulation,25,12,primary
State operations,25,12,primary
Transport,25,12,primary
Macroeconomics,25,12,corrective
Culture,25,12,primary
Transport,25,12,primary
Economic regulation,25,12,primary
State operations,25,12,primary
Environment,25,12,EU-related
Transport,25,12,EU-related
State operations,25,12,EU-related
Macroeconomics,25,12,EU-related
Economic regulation,25,12,EU-related
Economic regulation,25,12,EU-related
Economic regulation,25,12,EU-related
Economic regulation,25,12,EU-related
Economic regulation,25,12,EU-related
Transport,25,12,EU-related
Macroeconomics,25,12,EU-related
Economic regulation,25,12,EU-related
Health,25,12,EU-related
Agriculture,25,12,EU-related
Agriculture,25,12,EU-related
Health,25,12,EU-related
Macroeconomics,25,12,EU-related
Agriculture,25,12,EU-related
Macroeconomics,25,12,EU-related
Environment,25,12,EU-related
Labor & employment,25,12,EU-related
Macroeconomics,25,12,EU-related
Foreign trade,25,12,EU-related
Economic regulation,25,12,EU-related
Transport,25,12,EU-related
Energy,25,12,EU-related
Research,25,12,EU-related
Health,25,12,EU-related
Research,25,12,EU-related
Macroeconomics,25,12,EU-related
Economic regulation,25,12,EU-related
Economic regulation,25,12,EU-related
Economic regulation,25,12,primary
Defense,62,13,consolidating
Foreign policy,62,13,primary
State operations,62,13,primary
Macroeconomics,62,13,corrective
Defense,62,13,primary
Justice & crime,62,13,primary
State operations,62,13,primary
State operations,62,13,primary
State operations,62,13,primary
State operations,62,13,primary
State operations,62,13,primary
Macroeconomics,62,13,primary
Economic regulation,62,13,primary
Macroeconomics,62,13,primary
Macroeconomics,62,13,corrective
Social policy,62,13,primary
Social policy,62,13,primary
State operations,62,13,primary
Macroeconomics,62,13,primary
Rights & liberties,62,13,primary
Rights & liberties,62,13,primary
Justice & crime,62,13,primary
Transport,62,13,corrective
State operations,62,13,primary
Labor & employment,62,13,primary
State operations,62,13,primary
Research,62,13,primary
State operations,62,13,corrective
State operations,62,13,corrective
Energy,62,13,consolidating
Education,62,13,consolidating
Education,62,13,primary
Education,62,13,primary
Transport,62,13,primary
Energy,62,13,primary
State operations,62,13,primary
State operations,62,13,primary
Macroeconomics,62,13,primary
State operations,62,13,consolidating
Macroeconomics,62,13,primary
Justice & crime,62,13,primary
Education,62,13,primary
Economic regulation,62,13,primary
State operations,62,13,corrective
Social policy,62,13,primary
Labor & employment,62,13,primary
Justice & crime,62,13,primary
Justice & crime,62,13,consolidating
State operations,62,13,corrective
State property,62,13,consolidating
Macroeconomics,62,13,consolidating
Macroeconomics,62,13,consolidating
Macroeconomics,62,13,primary
Macroeconomics,62,13,corrective
Macroeconomics,62,13,primary
Defense,62,13,primary
Agriculture,62,13,primary
State property,62,13,primary
State operations,62,13,primary
Social policy,62,13,primary
Health,62,13,primary
Social policy,62,13,primary
Social policy,62,13,corrective
Transport,62,13,primary
Transport,62,13,primary
Immigration,62,13,primary
Immigration,62,13,consolidating
Immigration,62,13,consolidating
Agriculture,62,13,primary
Transport,62,13,EU-related
State operations,62,13,EU-related
Transport,62,13,EU-related
Economic regulation,62,13,EU-related
Labor & employment,62,13,EU-related
Immigration,62,13,EU-related
Labor & employment,62,13,EU-related
Agriculture,62,13,EU-related
Macroeconomics,62,13,EU-related
Environment,62,13,EU-related
Macroeconomics,62,13,EU-related
Energy,62,13,EU-related
Environment,62,13,EU-related
Education,62,13,EU-related
Transport,62,13,EU-related
Transport,62,13,EU-related
Transport,62,13,EU-related
Transport,62,13,EU-related
Culture,62,13,EU-related
Economic regulation,62,13,EU-related
Macroeconomics,62,13,EU-related
Energy,62,13,EU-related
Environment,62,13,EU-related
Agriculture,62,13,EU-related
Labor & employment,62,13,EU-related
Urban policy & housing,62,13,EU-related
Economic regulation,62,13,EU-related
Economic regulation,62,13,EU-related
State property,62,13,EU-related
Economic regulation,62,13,EU-related
Labor & employment,62,13,EU-related
Labor & employment,62,13,EU-related
Agriculture,62,13,EU-related
Foreign policy,62,13,EU-related
Macroeconomics,62,13,EU-related
Economic regulation,62,13,primary
Economic regulation,62,13,primary
Economic regulation,62,13,primary
Culture,62,13,corrective
State operations,62,13,primary
State operations,62,13,corrective
Health,62,13,corrective
Health,62,13,consolidating
Justice & crime,62,13,primary
Justice & crime,62,13,corrective
Health,62,13,primary
Economic regulation,62,13,primary
Economic regulation,62,13,primary
Economic regulation,62,13,primary
Economic regulation,62,13,primary
State operations,62,13,primary
Transport,62,13,primary
State operations,62,13,EU-related
State operations,62,13,EU-related
Labor & employment,62,13,EU-related
Labor & employment,62,13,EU-related
Transport,62,13,EU-related
Labor & employment,62,13,EU-related
Agriculture,62,13,EU-related
Agriculture,62,13,EU-related
Macroeconomics,62,13,EU-related
Macroeconomics,62,13,consolidating
Research,62,13,primary
Macroeconomics,62,13,primary
Macroeconomics,62,13,corrective
State operations,62,13,primary
Health,62,13,corrective
Macroeconomics,62,13,corrective
Environment,62,13,primary
Macroeconomics,62,13,corrective
Macroeconomics,62,13,primary
Macroeconomics,62,13,corrective
Macroeconomics,62,13,primary
Economic regulation,62,13,primary
Macroeconomics,62,13,corrective
Macroeconomics,62,13,corrective
Labor & employment,62,13,primary
Labor & employment,62,13,primary
Economic regulation,62,13,primary
Economic regulation,62,13,primary
Labor & employment,62,13,primary
Labor & employment,62,13,corrective
Macroeconomics,62,13,consolidating
Macroeconomics,62,13,corrective
Energy,62,13,EU-related
State operations,62,13,primary
Labor & employment,62,13,primary
Social policy,62,13,corrective
Labor & employment,62,13,corrective
Rights & liberties,62,13,primary
Macroeconomics,62,13,corrective
Labor & employment,62,13,primary
Economic regulation,62,13,corrective
Labor & employment,62,13,primary
Macroeconomics,62,13,corrective
Labor & employment,62,13,primary
Justice & crime,62,13,primary
Justice & crime,62,13,consolidating
State operations,62,13,consolidating
Justice & crime,62,13,primary
Justice & crime,62,13,primary
Justice & crime,62,13,primary
Macroeconomics,62,13,corrective
State operations,62,13,primary
State operations,62,13,consolidating
Foreign policy,62,13,primary
State operations,62,13,primary
Justice & crime,62,13,primary
Justice & crime,62,13,primary
Justice & crime,62,13,primary
Macroeconomics,62,13,corrective
Defense,62,13,primary
Macroeconomics,62,13,corrective
Justice & crime,62,13,corrective
Foreign policy,62,13,primary
Defense,62,13,primary
Justice & crime,62,13,primary
Health,62,13,consolidating
Agriculture,62,13,EU-related
Economic regulation,62,13,EU-related
Environment,62,13,EU-related
Economic regulation,62,13,EU-related
Macroeconomics,62,13,EU-related
Agriculture,62,13,EU-related
Economic regulation,62,13,EU-related
Labor & employment,62,13,EU-related
Energy,62,13,EU-related
Agriculture,62,13,EU-related
Economic regulation,62,13,EU-related
Agriculture,62,13,EU-related
Macroeconomics,62,13,EU-related
Macroeconomics,62,13,EU-related
Social policy,62,13,consolidating
Social policy,62,13,consolidating
Justice & crime,62,13,primary
State property,62,13,primary
Justice & crime,62,13,primary
Justice & crime,62,13,primary
Transport,62,13,corrective
Justice & crime,62,13,corrective
Defense,62,13,corrective
State operations,62,13,corrective
Economic regulation,62,13,primary
Foreign policy,62,13,primary
Health,62,13,consolidating
Social policy,62,13,primary
Social policy,62,13,primary
Defense,62,13,primary
Defense,62,13,corrective
State operations,62,13,consolidating
Foreign trade,62,13,consolidating
Macroeconomics,62,13,consolidating
State property,62,13,corrective
Labor & employment,62,13,EU-related
Labor & employment,62,13,EU-related
Foreign trade,62,13,EU-related
Macroeconomics,62,13,EU-related
Macroeconomics,62,13,EU-related
Research,62,13,EU-related
Macroeconomics,62,13,EU-related
Agriculture,62,13,EU-related
Macroeconomics,62,13,EU-related
Macroeconomics,62,13,EU-related
Macroeconomics,62,13,EU-related
Economic regulation,62,13,EU-related
Rights & liberties,62,13,consolidating
Transport,62,13,primary
Macroeconomics,62,13,corrective
Agriculture,62,13,primary
Social policy,62,13,primary
Transport,62,13,corrective
Macroeconomics,62,13,corrective
Macroeconomics,62,13,corrective
Justice & crime,62,13,primary
Rights & liberties,62,13,consolidating
Labor & employment,62,13,primary
Economic regulation,62,13,primary
Economic regulation,62,13,corrective
Health,62,13,consolidating
Social policy,62,13,consolidating
Economic regulation,60,14,primary
Economic regulation,60,14,primary
Economic regulation,60,14,primary
Economic regulation,60,14,corrective
Macroeconomics,60,14,consolidating
Environment,60,14,primary
Urban policy & housing,60,14,consolidating
Transport,60,14,primary
Transport,60,14,corrective
Transport,60,14,primary
Macroeconomics,60,14,EU-related
Labor & employment,60,14,EU-related
Transport,60,14,EU-related
Macroeconomics,60,14,EU-related
Macroeconomics,60,14,EU-related
Labor & employment,60,14,EU-related
Labor & employment,60,14,EU-related
Agriculture,60,14,EU-related
Economic regulation,60,14,EU-related
Economic regulation,60,14,EU-related
Agriculture,60,14,EU-related
Rights & liberties,60,14,EU-related
Agriculture,60,14,EU-related
Economic regulation,60,14,EU-related
Research,60,14,EU-related
Transport,60,14,EU-related
Macroeconomics,60,14,EU-related
Environment,60,14,EU-related
Energy,60,14,EU-related
Economic regulation,60,14,EU-related
Macroeconomics,60,14,EU-related
Foreign trade,60,14,EU-related
Macroeconomics,60,14,corrective
Economic regulation,60,14,corrective
Macroeconomics,60,14,corrective
Education,60,14,corrective
Culture,60,14,consolidating
State property,60,14,corrective
Rights & liberties,60,14,primary
Macroeconomics,60,14,corrective
Social policy,60,14,primary
Macroeconomics,60,14,corrective
Rights & liberties,60,14,consolidating
Transport,60,14,primary
Research,60,14,consolidating
Rights & liberties,60,14,consolidating
Economic regulation,60,14,primary
Environment,60,14,EU-related
Agriculture,60,14,EU-related
Agriculture,60,14,EU-related
Economic regulation,60,14,EU-related
Agriculture,60,14,EU-related
Agriculture,60,14,EU-related
Transport,60,14,EU-related
Environment,60,14,EU-related
Economic regulation,60,14,consolidating
Macroeconomics,60,14,corrective
Economic regulation,60,14,primary
Macroeconomics,60,14,corrective
Justice & crime,60,14,primary
Macroeconomics,60,14,corrective
Health,60,14,primary
State operations,60,14,EU-related
Culture,60,14,EU-related
Agriculture,60,14,EU-related
Macroeconomics,60,14,EU-related
Labor & employment,60,14,EU-related
Urban policy & housing,60,14,EU-related
Economic regulation,60,14,EU-related
Foreign trade,60,14,EU-related
Economic regulation,60,14,EU-related
Macroeconomics,60,14,EU-related
Macroeconomics,60,14,EU-related
Labor & employment,60,14,primary
Labor & employment,60,14,consolidating
Labor & employment,60,14,primary
Labor & employment,60,14,primary
Labor & employment,60,14,primary
Labor & employment,60,14,primary
Labor & employment,60,14,corrective
Labor & employment,60,14,primary
Macroeconomics,60,14,corrective
Agriculture,60,14,primary
Agriculture,60,14,consolidating
Agriculture,60,14,primary
Macroeconomics,60,14,corrective
Education,60,14,primary
Macroeconomics,60,14,corrective
Education,60,14,primary
Macroeconomics,60,14,primary
Macroeconomics,60,14,primary
Macroeconomics,60,14,primary
Macroeconomics,60,14,primary
Macroeconomics,60,14,primary
Macroeconomics,60,14,corrective
Macroeconomics,60,14,consolidating
Macroeconomics,60,14,primary
Labor & employment,60,14,consolidating
State operations,60,14,consolidating
State operations,60,14,consolidating
State operations,60,14,consolidating
Transport,60,14,consolidating
Macroeconomics,60,14,consolidating
State operations,60,14,consolidating
Research,60,14,consolidating
Justice & crime,60,14,consolidating
State operations,60,14,consolidating
Labor & employment,60,14,consolidating
Economic regulation,60,14,consolidating
State operations,60,14,consolidating
Agriculture,60,14,consolidating
Economic regulation,60,14,consolidating
State operations,60,14,consolidating
Foreign trade,60,14,consolidating
Macroeconomics,60,14,consolidating
Foreign trade,60,14,consolidating
Energy,60,14,primary
Energy,60,14,consolidating
Health,60,14,EU-related
Transport,60,14,EU-related
Agriculture,60,14,EU-related
Macroeconomics,60,14,EU-related
Macroeconomics,60,14,EU-related
Macroeconomics,60,14,EU-related
Environment,60,14,EU-related
Foreign policy,60,14,EU-related
Agriculture,60,14,EU-related
Labor & employment,60,14,EU-related
Culture,60,14,consolidating
Defense,60,14,corrective
Defense,60,14,corrective
Culture,60,14,consolidating
Rights & liberties,60,14,consolidating
Urban policy & housing,60,14,primary
Macroeconomics,60,14,corrective
Defense,60,14,corrective
Defense,60,14,corrective
Energy,60,14,primary
Health,60,14,primary
Energy,60,14,primary
Energy,60,14,consolidating
Labor & employment,60,14,primary
Labor & employment,60,14,primary
Labor & employment,60,14,primary
Labor & employment,60,14,primary
Macroeconomics,60,14,corrective
Labor & employment,60,14,consolidating
Macroeconomics,60,14,corrective
Justice & crime,60,14,primary
Macroeconomics,60,14,corrective
Transport,60,14,consolidating
Transport,60,14,corrective
Macroeconomics,60,14,corrective
Environment,60,14,primary
Environment,60,14,corrective
Transport,60,14,primary
Transport,60,14,corrective
Economic regulation,60,14,primary
Economic regulation,60,14,primary
Economic regulation,60,14,primary
Macroeconomics,60,14,corrective
Macroeconomics,60,14,corrective
State operations,60,14,EU-related
Energy,60,14,EU-related
Agriculture,60,14,EU-related
Macroeconomics,60,14,EU-related
Macroeconomics,60,14,EU-related
Macroeconomics,60,14,EU-related
Environment,60,14,EU-related
Environment,60,14,EU-related
Macroeconomics,60,14,EU-related
Macroeconomics,60,14,EU-related
Macroeconomics,60,14,EU-related
Macroeconomics,60,14,EU-related
Health,60,14,EU-related
Energy,60,14,EU-related
Macroeconomics,60,14,EU-related
State operations,60,14,EU-related
State operations,60,14,EU-related
Macroeconomics,60,14,EU-related
Transport,60,14,EU-related
Macroeconomics,60,14,EU-related
Macroeconomics,60,14,EU-related
Justice & crime,60,14,primary
Macroeconomics,60,14,corrective
State operations,60,14,primary
Economic regulation,60,14,corrective
Labor & employment,60,14,consolidating
Social policy,60,14,primary
Justice & crime,60,14,primary
Justice & crime,60,14,primary
Justice & crime,60,14,primary
Justice & crime,60,14,primary
Justice & crime,60,14,primary
Justice & crime,60,14,primary
Justice & crime,60,14,primary
Justice & crime,60,14,consolidating
Macroeconomics,60,14,corrective
Justice & crime,60,14,primary
Justice & crime,60,14,primary
State operations,60,14,primary
Justice & crime,60,14,consolidating
Justice & crime,60,14,primary
Environment,60,14,corrective
Macroeconomics,60,14,corrective
Education,60,14,primary
State operations,60,14,consolidating
Macroeconomics,60,14,consolidating
Macroeconomics,60,14,consolidating
Macroeconomics,60,14,consolidating
Justice & crime,60,14,consolidating
Foreign policy,60,14,consolidating
Economic regulation,60,14,consolidating
Rights & liberties,60,14,consolidating
Labor & employment,60,14,consolidating
Macroeconomics,60,14,EU-related
Macroeconomics,60,14,EU-related
Economic regulation,60,14,primary
Economic regulation,60,14,primary
Economic regulation,60,14,consolidating
Justice & crime,60,14,primary
Economic regulation,60,14,consolidating
Economic regulation,60,14,EU-related
Health,60,14,EU-related
Transport,60,14,EU-related
Environment,60,14,EU-related
Macroeconomics,60,14,EU-related
Macroeconomics,60,14,EU-related
Labor & employment,60,14,EU-related
Macroeconomics,60,14,EU-related
Foreign policy,60,14,EU-related
Macroeconomics,60,14,EU-related
Foreign trade,60,14,EU-related
Macroeconomics,60,14,EU-related
Health,60,14,primary
Economic regulation,24,15,corrective
Agriculture,24,15,corrective
State operations,24,15,primary
Education,24,15,primary
Education,24,15,corrective
Economic regulation,24,15,EU-related
Immigration,24,15,EU-related
Macroeconomics,24,15,EU-related
Transport,24,15,EU-related
Macroeconomics,24,15,EU-related
Health,24,15,primary
Macroeconomics,24,15,EU-related
Macroeconomics,24,15,EU-related
Transport,24,15,EU-related
Research,24,15,primary
Culture,24,15,corrective
Justice & crime,24,15,primary
Labor & employment,24,15,primary
Labor & employment,24,15,corrective
Education,24,15,primary
Education,24,15,corrective
Labor & employment,24,15,primary
Labor & employment,24,15,primary
Labor & employment,24,15,primary
Labor & employment,24,15,primary
Labor & employment,24,15,primary
Labor & employment,24,15,primary
Labor & employment,24,15,corrective
Labor & employment,24,15,corrective
Macroeconomics,24,15,EU-related
Macroeconomics,24,15,EU-related
Macroeconomics,24,15,EU-related
Macroeconomics,24,15,EU-related
Macroeconomics,24,15,EU-related
Agriculture,24,15,EU-related
Macroeconomics,24,15,EU-related
Macroeconomics,24,15,EU-related
Foreign trade,24,15,EU-related
Urban policy & housing,24,15,EU-related
Transport,24,15,EU-related
Economic regulation,24,15,EU-related
Environment,24,15,EU-related
Economic regulation,24,15,EU-related
Economic regulation,24,15,EU-related
Economic regulation,24,15,EU-related
Macroeconomics,24,15,EU-related
Macroeconomics,24,15,EU-related
Macroeconomics,24,15,EU-related
Macroeconomics,24,15,EU-related
Macroeconomics,24,15,EU-related
Macroeconomics,24,15,EU-related
Macroeconomics,24,15,EU-related
Macroeconomics,24,15,EU-related
Macroeconomics,24,15,EU-related
State operations,59,16,primary
State operations,59,16,primary
State operations,59,16,primary
State operations,59,16,primary
State operations,59,16,primary
State operations,59,16,corrective
State operations,59,16,primary
Macroeconomics,59,16,primary
State operations,59,16,corrective
Macroeconomics,59,16,primary
State operations,59,16,primary
State operations,59,16,primary
State operations,59,16,primary
State operations,59,16,primary
State operations,59,16,primary
State operations,59,16,primary
State operations,59,16,primary
State operations,59,16,primary
Justice & crime,59,16,primary
State operations,59,16,primary
State operations,59,16,corrective
Health,59,16,primary
Environment,59,16,corrective
State operations,59,16,primary
State operations,59,16,primary
Justice & crime,59,16,primary
Justice & crime,59,16,corrective
Justice & crime,59,16,primary
Justice & crime,59,16,primary
Justice & crime,59,16,primary
Justice & crime,59,16,corrective
Justice & crime,59,16,primary
Macroeconomics,59,16,EU-related
Macroeconomics,59,16,EU-related
Macroeconomics,59,16,EU-related
State operations,59,16,EU-related
Agriculture,59,16,EU-related
Agriculture,59,16,EU-related
Environment,59,16,EU-related
Agriculture,59,16,EU-related
Agriculture,59,16,EU-related
Agriculture,59,16,EU-related
Agriculture,59,16,EU-related
Justice & crime,59,16,EU-related
Justice & crime,59,16,EU-related
Justice & crime,59,16,EU-related
Justice & crime,59,16,EU-related
Justice & crime,59,16,EU-related
Justice & crime,59,16,corrective
Justice & crime,59,16,primary
Justice & crime,59,16,primary
Macroeconomics,59,16,primary
Macroeconomics,59,16,corrective
Economic regulation,59,16,primary
Economic regulation,59,16,corrective
Foreign trade,59,16,primary
Foreign trade,59,16,primary
Foreign trade,59,16,corrective
Economic regulation,59,16,corrective
Energy,59,16,primary
Energy,59,16,corrective
Energy,59,16,primary
Macroeconomics,59,16,primary
Research,59,16,primary
Research,59,16,corrective
Foreign trade,59,16,primary
Foreign trade,59,16,primary
State operations,59,16,primary
State operations,59,16,corrective
State operations,59,16,primary
Macroeconomics,59,16,primary
Macroeconomics,59,16,corrective
Macroeconomics,59,16,primary
Macroeconomics,59,16,corrective
Macroeconomics,59,16,primary
Macroeconomics,59,16,consolidating
Macroeconomics,59,16,corrective
Foreign policy,59,16,primary
Macroeconomics,59,16,EU-related
Macroeconomics,59,16,EU-related
Justice & crime,59,16,EU-related
State operations,59,16,EU-related
Economic regulation,59,16,EU-related
Agriculture,59,16,EU-related
Agriculture,59,16,EU-related
Agriculture,59,16,EU-related
Agriculture,59,16,EU-related
Health,59,16,EU-related
Economic regulation,59,16,EU-related
Justice & crime,59,16,EU-related
Justice & crime,59,16,EU-related
Justice & crime,59,16,primary
Justice & crime,59,16,corrective
Justice & crime,59,16,primary
Justice & crime,59,16,corrective
Labor & employment,59,16,primary
Labor & employment,59,16,primary
Labor & employment,59,16,primary
State operations,59,16,primary
Education,59,16,primary
Education,59,16,corrective
Justice & crime,59,16,primary
Justice & crime,59,16,corrective
State operations,59,16,consolidating
Economic regulation,59,16,EU-related
Justice & crime,59,16,EU-related
State operations,59,16,EU-related
Economic regulation,59,16,EU-related
Economic regulation,59,16,EU-related
Economic regulation,59,16,EU-related
Economic regulation,59,16,EU-related
Foreign trade,59,16,EU-related
Agriculture,59,16,EU-related
Research,59,16,EU-related
Research,59,16,EU-related
Energy,59,16,EU-related
Economic regulation,59,16,EU-related
Transport,59,16,EU-related
Transport,59,16,EU-related
Defense,59,16,EU-related
Transport,59,16,EU-related
Foreign policy,59,16,EU-related
Transport,59,16,EU-related
Transport,59,16,EU-related
Transport,59,16,EU-related
Agriculture,59,16,EU-related
Environment,59,16,EU-related
Foreign policy,59,16,EU-related
Immigration,59,16,EU-related
Immigration,59,16,EU-related
Economic regulation,59,16,EU-related
Education,59,16,primary
Education,59,16,corrective
Labor & employment,59,16,primary
State operations,59,16,primary
Justice & crime,59,16,primary
State operations,59,16,primary
State operations,59,16,consolidating
Justice & crime,59,16,primary
Justice & crime,59,16,corrective
Rights & liberties,59,16,primary
Rights & liberties,59,16,corrective
Defense,59,16,primary
Defense,59,16,primary
Defense,59,16,corrective
Justice & crime,59,16,primary
Justice & crime,59,16,corrective
Justice & crime,59,16,primary
Justice & crime,59,16,consolidating
