id,deleg_4type,rif_leg_law,rif_leg_dlg,stato
1987_472_1,primary,10,10,Implemented
1988_12_1,consolidating,10,10,Implemented
1988_291_1,primary,10,10,Implemented
1988_400_1,primary,10,10,Implemented
1988_400_2,primary,10,10,Implemented
1988_400_3,primary,10,NA,Not implemented
1989_183_1,primary,10,NA,Not implemented
1989_349_1,primary,10,10,Implemented
1989_349_2,primary,10,10,Implemented
1989_349_3,consolidating,10,NA,Not implemented
1989_349_4,primary,10,10,Implemented
1989_349_5,primary,10,10,Implemented
1990_142_1,primary,10,10,Implemented
1990_142_2,primary,10,NA,Not implemented
1990_142_3,primary,10,NA,Not implemented
1990_142_4,primary,10,10,Implemented
1990_142_5,consolidating,10,NA,Not implemented
1990_158_1,primary,10,10,Implemented
1990_158_2,primary,10,10,Implemented
1990_162_1,primary,10,NA,Not implemented
1990_162_2,consolidating,10,NA,Not implemented
1990_212_1,EU-related,10,10,Implemented
1990_212_2,EU-related,10,12,Implemented later
1990_212_3,EU-related,10,10,Implemented
1990_212_4,EU-related,10,10,Implemented
1990_212_5,EU-related,10,10,Implemented
1990_218_1,primary,10,10,Implemented
1990_218_2,primary,10,NA,Not implemented
1990_218_3,primary,10,10,Implemented
1990_218_4,primary,10,10,Implemented
1990_223_1,primary,10,10,Implemented
1990_395_1,primary,10,11,Implemented later
1990_395_2,primary,10,11,Implemented later
1990_395_3,primary,10,11,Implemented later
1990_395_4,primary,10,11,Implemented later
1990_395_5,primary,10,11,Implemented later
1990_395_6,primary,10,11,Implemented later
1990_407_1,primary,10,10,Implemented
1990_408_1,primary,10,NA,Not implemented
1990_408_2,primary,10,NA,Not implemented
1990_408_3,primary,10,NA,Not implemented
1990_428_1,EU-related,10,10,Implemented
1990_428_10,EU-related,10,10,Implemented
1990_428_11,EU-related,10,10,Implemented
1990_428_12,EU-related,10,10,Implemented
1990_428_13,EU-related,10,10,Implemented
1990_428_14,EU-related,10,10,Implemented
1990_428_15,EU-related,10,10,Implemented
1990_428_16,EU-related,10,10,Implemented
1990_428_17,EU-related,10,10,Implemented
1990_428_18,EU-related,10,10,Implemented
1990_428_19,EU-related,10,10,Implemented
1990_428_2,EU-related,10,10,Implemented
1990_428_20,EU-related,10,10,Implemented
1990_428_21,EU-related,10,10,Implemented
1990_428_22,EU-related,10,10,Implemented
1990_428_23,EU-related,10,10,Implemented
1990_428_24,EU-related,10,10,Implemented
1990_428_25,EU-related,10,10,Implemented
1990_428_26,EU-related,10,10,Implemented
1990_428_27,EU-related,10,13,Implemented later
1990_428_28,EU-related,10,10,Implemented
1990_428_29,EU-related,10,10,Implemented
1990_428_3,EU-related,10,10,Implemented
1990_428_30,EU-related,10,10,Implemented
1990_428_31,EU-related,10,10,Implemented
1990_428_32,EU-related,10,10,Implemented
1990_428_33,EU-related,10,10,Implemented
1990_428_34,EU-related,10,10,Implemented
1990_428_35,EU-related,10,10,Implemented
1990_428_36,EU-related,10,10,Implemented
1990_428_37,EU-related,10,10,Implemented
1990_428_38,EU-related,10,10,Implemented
1990_428_39,EU-related,10,10,Implemented
1990_428_4,EU-related,10,10,Implemented
1990_428_40,EU-related,10,10,Implemented
1990_428_5,EU-related,10,10,Implemented
1990_428_6,EU-related,10,10,Implemented
1990_428_7,EU-related,10,10,Implemented
1990_428_8,EU-related,10,10,Implemented
1990_428_9,EU-related,10,10,Implemented
1990_69_1,EU-related,10,10,Implemented
1990_69_2,EU-related,10,10,Implemented
1991_121_1,consolidating,10,NA,Not implemented
1991_190_1,primary,10,10,Implemented
1991_190_2,primary,10,NA,Not implemented
1991_202_1,primary,10,10,Implemented
1991_374_1,primary,10,NA,Not implemented
1991_413_1,primary,10,11,Implemented later
1992_142_1,EU-related,10,NA,Not implemented
1992_142_10,EU-related,10,11,Implemented later
1992_142_11,EU-related,10,11,Implemented later
1992_142_12,EU-related,10,11,Implemented later
1992_142_13,EU-related,10,11,Implemented later
1992_142_14,EU-related,10,11,Implemented later
1992_142_15,EU-related,10,NA,Not implemented
1992_142_16,EU-related,10,11,Implemented later
1992_142_17,EU-related,10,12,Implemented later
1992_142_18,EU-related,10,11,Implemented later
1992_142_19,EU-related,10,NA,Not implemented
1992_142_2,EU-related,10,11,Implemented later
1992_142_20,EU-related,10,11,Implemented later
1992_142_21,EU-related,10,11,Implemented later
1992_142_22,EU-related,10,11,Implemented later
1992_142_23,EU-related,10,11,Implemented later
1992_142_24,EU-related,10,11,Implemented later
1992_142_25,EU-related,10,11,Implemented later
1992_142_26,EU-related,10,11,Implemented later
1992_142_27,EU-related,10,11,Implemented later
1992_142_28,EU-related,10,11,Implemented later
1992_142_29,EU-related,10,11,Implemented later
1992_142_3,EU-related,10,12,Implemented later
1992_142_30,EU-related,10,11,Implemented later
1992_142_31,EU-related,10,11,Implemented later
1992_142_4,EU-related,10,NA,Not implemented
1992_142_5,EU-related,10,13,Implemented later
1992_142_6,EU-related,10,11,Implemented later
1992_142_7,EU-related,10,11,Implemented later
1992_142_8,EU-related,10,11,Implemented later
1992_142_9,EU-related,10,11,Implemented later
1992_158_1,primary,10,11,Implemented later
1992_216_1,primary,10,12,Implemented later
1992_216_2,primary,10,12,Implemented later
1992_217_1,primary,10,11,Implemented later
1992_356_1,primary,11,11,Implemented
1992_421_1,primary,11,11,Implemented
1992_421_10,corrective,11,11,Implemented
1992_421_11,primary,11,11,Implemented
1992_421_3,corrective,11,NA,Not implemented
1992_421_4,primary,11,11,Implemented
1992_421_5,corrective,11,11,Implemented
1992_421_6,corrective,11,11,Implemented
1992_421_7,primary,11,11,Implemented
1992_421_9,primary,11,12,Implemented later
1992_488_1,primary,11,11,Implemented
1992_489_1,EU-related,11,11,Implemented
1992_489_10,EU-related,11,11,Implemented
1992_489_11,EU-related,11,11,Implemented
1992_489_12,EU-related,11,11,Implemented
1992_489_13,EU-related,11,11,Implemented
1992_489_14,EU-related,11,11,Implemented
1992_489_15,EU-related,11,11,Implemented
1992_489_16,EU-related,11,11,Implemented
1992_489_17,EU-related,11,11,Implemented
1992_489_18,EU-related,11,NA,Not implemented
1992_489_2,EU-related,11,11,Implemented
1992_489_3,EU-related,11,11,Implemented
1992_489_4,EU-related,11,11,Implemented
1992_489_5,EU-related,11,11,Implemented
1992_489_6,EU-related,11,11,Implemented
1992_489_7,EU-related,11,11,Implemented
1992_489_8,EU-related,11,11,Implemented
1992_489_9,EU-related,11,11,Implemented
1992_498_1,primary,11,NA,Not implemented
1992_498_2,primary,11,11,Implemented
1993_276_1,primary,11,11,Implemented
1993_276_2,consolidating,11,11,Implemented
1993_276_3,primary,11,NA,Not implemented
1993_277_1,primary,11,11,Implemented
1993_277_2,consolidating,11,11,Implemented
1993_427_1,consolidating,11,12,Implemented later
1993_499_1,primary,11,11,Implemented
1993_537_1,primary,11,11,Implemented
1993_537_10,primary,11,NA,Not implemented
1993_537_11,primary,11,NA,Not implemented
1993_537_2,primary,11,NA,Not implemented
1993_537_3,primary,11,NA,Not implemented
1993_537_4,primary,11,12,Implemented later
1993_537_5,primary,11,NA,Not implemented
1993_537_6,primary,11,12,Implemented later
1993_537_7,corrective,11,NA,Not implemented
1993_537_8,primary,11,11,Implemented
1993_537_9,primary,11,NA,Not implemented
1993_562_1,consolidating,11,12,Implemented later
1993_75_1,primary,11,11,Implemented
1993_75_2,consolidating,11,NA,Not implemented
1993_81_1,consolidating,11,NA,Not implemented
1994_121_1,primary,11,NA,Not implemented
1994_146_1,EU-related,11,12,Implemented later
1994_146_10,EU-related,11,12,Implemented later
1994_146_11,EU-related,11,12,Implemented later
1994_146_12,EU-related,11,12,Implemented later
1994_146_13,EU-related,11,NA,Not implemented
1994_146_14,EU-related,11,NA,Not implemented
1994_146_15,EU-related,11,12,Implemented later
1994_146_16,EU-related,11,13,Implemented later
1994_146_17,EU-related,11,13,Implemented later
1994_146_18,EU-related,11,NA,Not implemented
1994_146_19,EU-related,11,NA,Not implemented
1994_146_2,EU-related,11,12,Implemented later
1994_146_20,EU-related,11,NA,Not implemented
1994_146_21,EU-related,11,13,Implemented later
1994_146_22,EU-related,11,12,Implemented later
1994_146_23,EU-related,11,12,Implemented later
1994_146_24,EU-related,11,12,Implemented later
1994_146_25,EU-related,11,NA,Not implemented
1994_146_26,EU-related,11,11,Implemented
1994_146_27,EU-related,11,NA,Not implemented
1994_146_28,EU-related,11,13,Implemented later
1994_146_29,EU-related,11,12,Implemented later
1994_146_3,EU-related,11,11,Implemented
1994_146_30,EU-related,11,12,Implemented later
1994_146_31,EU-related,11,NA,Not implemented
1994_146_32,EU-related,11,11,Implemented
1994_146_33,EU-related,11,NA,Not implemented
1994_146_4,EU-related,11,12,Implemented later
1994_146_5,EU-related,11,12,Implemented later
1994_146_6,EU-related,11,NA,Not implemented
1994_146_7,EU-related,11,13,Implemented later
1994_146_8,EU-related,11,NA,Not implemented
1994_146_9,EU-related,11,12,Implemented later
1994_47_1,primary,11,12,Implemented later
1994_747_1,primary,12,12,Implemented
1995_203_1,primary,12,NA,Not implemented
1995_203_2,primary,12,NA,Not implemented
1995_203_3,primary,12,NA,Not implemented
1995_335_1,primary,12,12,Implemented
1995_335_10,primary,12,12,Implemented
1995_335_11,primary,12,13,Implemented later
1995_335_12,consolidating,12,NA,Not implemented
1995_335_13,corrective,12,13,Implemented later
1995_335_14,primary,12,12,Implemented
1995_335_15,primary,12,13,Implemented later
1995_335_2,primary,12,13,Implemented later
1995_335_3,primary,12,NA,Not implemented
1995_335_4,primary,12,13,Implemented later
1995_335_5,primary,12,12,Implemented
1995_335_6,primary,12,13,Implemented later
1995_335_7,primary,12,13,Implemented later
1995_335_8,primary,12,13,Implemented later
1995_335_9,primary,12,13,Implemented later
1995_549_1,primary,12,13,Implemented later
1995_549_10,primary,12,NA,Not implemented
1995_549_11,primary,12,NA,Not implemented
1995_549_2,primary,12,13,Implemented later
1995_549_3,primary,12,13,Implemented later
1995_549_4,primary,12,12,Implemented
1995_549_5,primary,12,NA,Not implemented
1995_549_6,primary,12,13,Implemented later
1995_549_7,corrective,12,NA,Not implemented
1995_549_8,primary,12,13,Implemented later
1995_549_9,primary,12,NA,Not implemented
1996_169_1,primary,12,NA,Not implemented
1996_52_1,EU-related,12,13,Implemented later
1996_52_10,EU-related,12,13,Implemented later
1996_52_11,EU-related,12,NA,Not implemented
1996_52_12,EU-related,12,13,Implemented later
1996_52_13,EU-related,12,13,Implemented later
1996_52_14,EU-related,12,13,Implemented later
1996_52_15,EU-related,12,13,Implemented later
1996_52_16,EU-related,12,13,Implemented later
1996_52_17,EU-related,12,NA,Not implemented
1996_52_18,EU-related,12,13,Implemented later
1996_52_19,EU-related,12,NA,Not implemented
1996_52_2,EU-related,12,13,Implemented later
1996_52_20,EU-related,12,13,Implemented later
1996_52_21,EU-related,12,13,Implemented later
1996_52_22,EU-related,12,NA,Not implemented
1996_52_23,EU-related,12,13,Implemented later
1996_52_24,EU-related,12,13,Implemented later
1996_52_25,EU-related,12,13,Implemented later
1996_52_26,EU-related,12,13,Implemented later
1996_52_27,EU-related,12,13,Implemented later
1996_52_28,EU-related,12,13,Implemented later
1996_52_29,EU-related,12,13,Implemented later
1996_52_3,EU-related,12,12,Implemented
1996_52_30,EU-related,12,NA,Not implemented
1996_52_31,EU-related,12,13,Implemented later
1996_52_32,EU-related,12,13,Implemented later
1996_52_4,EU-related,12,NA,Not implemented
1996_52_5,EU-related,12,13,Implemented later
1996_52_6,EU-related,12,13,Implemented later
1996_52_7,EU-related,12,13,Implemented later
1996_52_8,EU-related,12,13,Implemented later
1996_52_9,EU-related,12,13,Implemented later
1996_662_1,consolidating,13,13,Implemented
1996_662_10,primary,13,13,Implemented
1996_662_11,primary,13,13,Implemented
1996_662_12,primary,13,13,Implemented
1996_662_13,primary,13,13,Implemented
1996_662_14,primary,13,13,Implemented
1996_662_15,corrective,13,13,Implemented
1996_662_16,primary,13,13,Implemented
1996_662_17,primary,13,13,Implemented
1996_662_18,primary,13,13,Implemented
1996_662_19,primary,13,13,Implemented
1996_662_2,primary,13,13,Implemented
1996_662_3,primary,13,13,Implemented
1996_662_4,corrective,13,NA,Not implemented
1996_662_5,primary,13,13,Implemented
1996_662_6,primary,13,13,Implemented
1996_662_7,primary,13,13,Implemented
1996_662_8,primary,13,13,Implemented
1996_662_9,primary,13,13,Implemented
1996_676_1,primary,13,13,Implemented
1996_676_2,primary,13,13,Implemented
1997_127_1,primary,13,13,Implemented
1997_127_2,primary,13,13,Implemented
1997_127_3,primary,13,13,Implemented
1997_127_4,corrective,13,13,Implemented
1997_196_1,primary,13,13,Implemented
1997_196_2,primary,13,13,Implemented
1997_254_1,primary,13,13,Implemented
1997_254_2,consolidating,13,NA,Not implemented
1997_254_3,corrective,13,13,Implemented
1997_352_1,consolidating,13,13,Implemented
1997_352_2,consolidating,13,NA,Not implemented
1997_425_1,consolidating,13,NA,Not implemented
1997_433_1,primary,13,13,Implemented
1997_433_2,corrective,13,13,Implemented
1997_449_1,primary,13,13,Implemented
1997_449_2,primary,13,13,Implemented
1997_449_3,primary,13,13,Implemented
1997_449_4,primary,13,13,Implemented
1997_449_5,primary,13,NA,Not implemented
1997_449_6,primary,13,13,Implemented
1997_449_7,primary,13,13,Implemented
1997_449_8,primary,13,13,Implemented
1997_449_9,corrective,13,13,Implemented
1997_454_1,primary,13,13,Implemented
1997_454_2,primary,13,13,Implemented
1997_59_1,primary,13,13,Implemented
1997_59_10,consolidating,13,NA,Not implemented
1997_59_11,primary,13,13,Implemented
1997_59_12,primary,13,13,Implemented
1997_59_13,primary,13,13,Implemented
1997_59_14,primary,13,13,Implemented
1997_59_15,primary,13,13,Implemented
1997_59_16,primary,13,13,Implemented
1997_59_2,corrective,13,13,Implemented
1997_59_3,primary,13,13,Implemented
1997_59_4,primary,13,13,Implemented
1997_59_5,primary,13,13,Implemented
1997_59_6,primary,13,13,Implemented
1997_59_7,corrective,13,13,Implemented
1997_59_8,corrective,13,13,Implemented
1997_59_9,consolidating,13,NA,Not implemented
1997_94_1,primary,13,13,Implemented
1997_94_2,consolidating,13,NA,Not implemented
1997_94_3,primary,13,13,Implemented
1998_110_1,primary,13,13,Implemented
1998_128_1,EU-related,13,13,Implemented
1998_128_10,EU-related,13,13,Implemented
1998_128_11,EU-related,13,NA,Not implemented
1998_128_12,EU-related,13,13,Implemented
1998_128_13,EU-related,13,13,Implemented
1998_128_14,EU-related,13,13,Implemented
1998_128_15,EU-related,13,13,Implemented
1998_128_16,EU-related,13,13,Implemented
1998_128_17,EU-related,13,13,Implemented
1998_128_18,EU-related,13,13,Implemented
1998_128_19,EU-related,13,13,Implemented
1998_128_2,EU-related,13,13,Implemented
1998_128_20,EU-related,13,13,Implemented
1998_128_21,EU-related,13,NA,Not implemented
1998_128_22,EU-related,13,13,Implemented
1998_128_23,EU-related,13,13,Implemented
1998_128_24,EU-related,13,13,Implemented
1998_128_25,EU-related,13,13,Implemented
1998_128_26,EU-related,13,13,Implemented
1998_128_27,EU-related,13,13,Implemented
1998_128_28,EU-related,13,13,Implemented
1998_128_29,EU-related,13,13,Implemented
1998_128_3,EU-related,13,13,Implemented
1998_128_30,EU-related,13,13,Implemented
1998_128_31,EU-related,13,13,Implemented
1998_128_32,EU-related,13,13,Implemented
1998_128_33,EU-related,13,13,Implemented
1998_128_34,EU-related,13,13,Implemented
1998_128_35,EU-related,13,NA,Not implemented
1998_128_4,EU-related,13,13,Implemented
1998_128_5,EU-related,13,13,Implemented
1998_128_6,EU-related,13,13,Implemented
1998_128_7,EU-related,13,13,Implemented
1998_128_8,EU-related,13,13,Implemented
1998_128_9,EU-related,13,NA,Not implemented
1998_274_1,primary,13,13,Implemented
1998_288_1,primary,13,13,Implemented
1998_288_2,primary,13,13,Implemented
1998_288_3,corrective,13,13,Implemented
1998_337_1,primary,13,13,Implemented
1998_337_2,corrective,13,13,Implemented
1998_40_1,primary,13,NA,Not implemented
1998_40_2,consolidating,13,13,Implemented
1998_40_3,consolidating,13,13,Implemented
1998_419_1,corrective,13,13,Implemented
1998_419_2,consolidating,13,NA,Not implemented
1998_419_3,primary,13,13,Implemented
1998_419_4,corrective,13,13,Implemented
1998_419_5,primary,13,13,Implemented
1998_461_1,primary,13,13,Implemented
1998_461_2,primary,13,NA,Not implemented
1998_461_3,primary,13,NA,Not implemented
1998_461_4,primary,13,NA,Not implemented
1998_483_1,primary,13,NA,Not implemented
1998_485_1,primary,13,13,Implemented
1999_108_1,primary,13,13,Implemented
1999_133_1,primary,13,NA,Not implemented
1999_133_10,primary,13,13,Implemented
1999_133_11,primary,13,NA,Not implemented
1999_133_12,corrective,13,NA,Not implemented
1999_133_13,corrective,13,NA,Not implemented
1999_133_14,primary,13,NA,Not implemented
1999_133_15,primary,13,13,Implemented
1999_133_16,primary,13,NA,Not implemented
1999_133_17,primary,13,NA,Not implemented
1999_133_18,primary,13,NA,Not implemented
1999_133_19,corrective,13,13,Implemented
1999_133_2,corrective,13,NA,Not implemented
1999_133_20,consolidating,13,NA,Not implemented
1999_133_21,corrective,13,NA,Not implemented
1999_133_3,primary,13,13,Implemented
1999_133_4,corrective,13,13,Implemented
1999_133_5,corrective,13,NA,Not implemented
1999_133_6,primary,13,NA,Not implemented
1999_133_7,corrective,13,NA,Not implemented
1999_133_8,primary,13,NA,Not implemented
1999_133_9,corrective,13,NA,Not implemented
1999_144_1,EU-related,13,13,Implemented
1999_144_10,primary,13,NA,Not implemented
1999_144_11,corrective,13,NA,Not implemented
1999_144_12,primary,13,13,Implemented
1999_144_2,primary,13,13,Implemented
1999_144_3,primary,13,13,Implemented
1999_144_4,corrective,13,13,Implemented
1999_144_5,corrective,13,NA,Not implemented
1999_144_6,primary,13,13,Implemented
1999_144_7,corrective,13,NA,Not implemented
1999_144_8,primary,13,13,Implemented
1999_144_9,corrective,13,13,Implemented
1999_155_1,primary,13,13,Implemented
1999_155_2,consolidating,13,NA,Not implemented
1999_157_1,consolidating,13,NA,Not implemented
1999_205_1,primary,13,13,Implemented
1999_205_2,primary,13,NA,Not implemented
1999_205_3,primary,13,13,Implemented
1999_208_1,corrective,13,NA,Not implemented
1999_208_2,primary,13,13,Implemented
1999_25_1,EU-related,13,13,Implemented
1999_25_2,EU-related,13,13,Implemented
1999_25_3,EU-related,13,13,Implemented
1999_25_4,EU-related,13,13,Implemented
1999_25_5,EU-related,13,13,Implemented
1999_25_6,EU-related,13,13,Implemented
1999_25_7,EU-related,13,13,Implemented
1999_25_8,EU-related,13,13,Implemented
1999_25_9,EU-related,13,NA,Not implemented
1999_265_1,consolidating,13,13,Implemented
1999_266_1,primary,13,13,Implemented
1999_266_10,primary,13,13,Implemented
1999_266_2,primary,13,13,Implemented
1999_266_3,primary,13,13,Implemented
1999_266_4,primary,13,13,Implemented
1999_266_5,primary,13,13,Implemented
1999_266_6,corrective,13,NA,Not implemented
1999_266_7,primary,13,NA,Not implemented
1999_266_8,corrective,13,NA,Not implemented
1999_266_9,corrective,13,13,Implemented
1999_380_1,primary,13,13,Implemented
1999_468_1,primary,13,13,Implemented
1999_493_1,consolidating,13,NA,Not implemented
1999_50_1,consolidating,13,13,Implemented
1999_526_1,EU-related,13,13,Implemented
1999_526_10,EU-related,13,13,Implemented
1999_526_11,EU-related,13,13,Implemented
1999_526_12,EU-related,13,13,Implemented
1999_526_13,EU-related,13,NA,Not implemented
1999_526_14,EU-related,13,NA,Not implemented
1999_526_2,EU-related,13,13,Implemented
1999_526_3,EU-related,13,14,Implemented later
1999_526_4,EU-related,13,13,Implemented
1999_526_5,EU-related,13,NA,Not implemented
1999_526_6,EU-related,13,13,Implemented
1999_526_7,EU-related,13,13,Implemented
1999_526_8,EU-related,13,13,Implemented
1999_526_9,EU-related,13,13,Implemented
2000_212_1,corrective,13,13,Implemented
2000_300_1,primary,13,13,Implemented
2000_300_2,primary,13,NA,Not implemented
2000_323_1,consolidating,13,NA,Not implemented
2000_328_1,primary,13,13,Implemented
2000_328_2,primary,13,NA,Not implemented
2000_331_1,primary,13,13,Implemented
2000_331_2,corrective,13,NA,Not implemented
2000_340_1,consolidating,13,13,Implemented
2000_340_2,consolidating,13,NA,Not implemented
2000_342_1,consolidating,13,NA,Not implemented
2000_356_1,corrective,13,13,Implemented
2000_422_1,EU-related,13,14,Implemented later
2000_422_10,EU-related,13,NA,Not implemented
2000_422_11,EU-related,13,NA,Not implemented
2000_422_12,EU-related,13,13,Implemented
2000_422_2,EU-related,13,NA,Not implemented
2000_422_3,EU-related,13,13,Implemented
2000_422_4,EU-related,13,NA,Not implemented
2000_422_5,EU-related,13,NA,Not implemented
2000_422_6,EU-related,13,14,Implemented later
2000_422_7,EU-related,13,NA,Not implemented
2000_422_8,EU-related,13,14,Implemented later
2000_422_9,EU-related,13,NA,Not implemented
2000_53_1,consolidating,13,13,Implemented
2000_53_2,consolidating,13,NA,Not implemented
2000_78_1,primary,13,13,Implemented
2000_78_2,primary,13,13,Implemented
2000_78_3,primary,13,13,Implemented
2000_78_4,primary,13,13,Implemented
2000_78_5,corrective,13,13,Implemented
2000_78_6,corrective,13,13,Implemented
2000_78_7,corrective,13,13,Implemented
2001_127_1,consolidating,13,NA,Not implemented
2001_142_1,primary,13,14,Implemented later
2001_142_2,primary,13,14,Implemented later
2001_142_3,corrective,13,NA,Not implemented
2001_145_1,consolidating,13,NA,Not implemented
2001_152_1,consolidating,13,NA,Not implemented
2001_366_1,primary,14,14,Implemented
2001_366_2,primary,14,14,Implemented
2001_366_3,primary,14,14,Implemented
2001_366_4,corrective,14,14,Implemented
2001_38_1,consolidating,13,NA,Not implemented
2001_383_1,consolidating,14,NA,Not implemented
2001_383_2,primary,14,NA,Not implemented
2001_443_1,consolidating,14,14,Implemented
2001_443_2,primary,14,14,Implemented
2001_443_3,corrective,14,14,Implemented
2001_443_4,primary,14,NA,Not implemented
2001_57_1,primary,13,NA,Not implemented
2001_57_2,corrective,13,NA,Not implemented
2001_57_3,primary,13,13,Implemented
2001_64_1,primary,13,14,Implemented later
2001_85_1,corrective,13,14,Implemented later
2001_85_2,corrective,13,NA,Not implemented
2001_85_3,corrective,13,NA,Not implemented
2001_86_1,primary,13,14,Implemented later
2002_137_1,corrective,14,14,Implemented
2002_137_10,corrective,14,NA,Not implemented
2002_137_11,consolidating,14,NA,Not implemented
2002_137_2,corrective,14,14,Implemented
2002_137_3,corrective,14,NA,Not implemented
2002_137_4,corrective,14,14,Implemented
2002_137_5,consolidating,14,14,Implemented
2002_137_6,corrective,14,14,Implemented
2002_137_7,primary,14,14,Implemented
2002_137_8,corrective,14,NA,Not implemented
2002_137_9,primary,14,NA,Not implemented
2002_166_1,primary,14,14,Implemented
2002_166_2,consolidating,14,14,Implemented
2002_166_3,consolidating,14,14,Implemented
2002_166_4,primary,14,NA,Not implemented
2002_180_1,EU-related,14,14,Implemented
2002_180_2,EU-related,14,14,Implemented
2002_180_3,EU-related,14,14,Implemented
2002_180_4,EU-related,14,14,Implemented
2002_180_5,EU-related,14,14,Implemented
2002_180_6,EU-related,14,14,Implemented
2002_180_7,EU-related,14,14,Implemented
2002_180_8,EU-related,14,14,Implemented
2002_273_1,consolidating,14,14,Implemented
2002_273_2,corrective,14,NA,Not implemented
2002_273_3,primary,14,14,Implemented
2002_273_4,corrective,14,NA,Not implemented
2002_39_1,EU-related,14,14,Implemented
2002_39_10,EU-related,14,14,Implemented
2002_39_11,EU-related,14,14,Implemented
2002_39_12,EU-related,14,14,Implemented
2002_39_13,EU-related,14,14,Implemented
2002_39_14,EU-related,14,14,Implemented
2002_39_15,EU-related,14,14,Implemented
2002_39_16,EU-related,14,14,Implemented
2002_39_17,EU-related,14,NA,Not implemented
2002_39_18,EU-related,14,14,Implemented
2002_39_19,EU-related,14,14,Implemented
2002_39_2,EU-related,14,14,Implemented
2002_39_20,EU-related,14,14,Implemented
2002_39_21,EU-related,14,NA,Not implemented
2002_39_22,EU-related,14,14,Implemented
2002_39_3,EU-related,14,14,Implemented
2002_39_4,EU-related,14,NA,Not implemented
2002_39_5,EU-related,14,NA,Not implemented
2002_39_6,EU-related,14,14,Implemented
2002_39_7,EU-related,14,14,Implemented
2002_39_8,EU-related,14,14,Implemented
2002_39_9,EU-related,14,14,Implemented
2003_131_1,consolidating,14,14,Implemented
2003_131_2,consolidating,14,NA,Not implemented
2003_131_3,consolidating,14,NA,Not implemented
2003_131_4,consolidating,14,NA,Not implemented
2003_14_1,EU-related,14,14,Implemented
2003_14_10,EU-related,14,NA,Not implemented
2003_14_11,EU-related,14,NA,Not implemented
2003_14_2,EU-related,14,14,Implemented
2003_14_3,EU-related,14,14,Implemented
2003_14_4,EU-related,14,NA,Not implemented
2003_14_5,EU-related,14,14,Implemented
2003_14_6,EU-related,14,14,Implemented
2003_14_7,EU-related,14,14,Implemented
2003_14_8,EU-related,14,14,Implemented
2003_14_9,EU-related,14,14,Implemented
2003_172_1,consolidating,14,14,Implemented
2003_172_2,consolidating,14,NA,Not implemented
2003_229_1,consolidating,14,14,Implemented
2003_229_10,consolidating,14,NA,Not implemented
2003_229_11,consolidating,14,NA,Not implemented
2003_229_12,consolidating,14,NA,Not implemented
2003_229_13,consolidating,14,NA,Not implemented
2003_229_2,consolidating,14,14,Implemented
2003_229_3,consolidating,14,14,Implemented
2003_229_4,consolidating,14,NA,Not implemented
2003_229_5,consolidating,14,NA,Not implemented
2003_229_6,consolidating,14,14,Implemented
2003_229_7,consolidating,14,NA,Not implemented
2003_229_8,consolidating,14,NA,Not implemented
2003_229_9,consolidating,14,14,Implemented
2003_290_1,primary,14,14,Implemented
2003_290_2,consolidating,14,14,Implemented
2003_30_1,primary,14,14,Implemented
2003_30_2,consolidating,14,NA,Not implemented
2003_30_3,primary,14,14,Implemented
2003_30_4,primary,14,14,Implemented
2003_30_5,primary,14,14,Implemented
2003_30_6,primary,14,14,Implemented
2003_306_1,EU-related,14,14,Implemented
2003_306_10,EU-related,14,NA,Not implemented
2003_306_2,EU-related,14,14,Implemented
2003_306_3,EU-related,14,14,Implemented
2003_306_4,EU-related,14,NA,Not implemented
2003_306_5,EU-related,14,NA,Not implemented
2003_306_6,EU-related,14,NA,Not implemented
2003_306_7,EU-related,14,14,Implemented
2003_306_8,EU-related,14,14,Implemented
2003_306_9,EU-related,14,14,Implemented
2003_30_7,corrective,14,14,Implemented
2003_30_8,primary,14,14,Implemented
2003_30_9,corrective,14,NA,Not implemented
2003_3_1,primary,14,NA,Not implemented
2003_3_2,corrective,14,NA,Not implemented
2003_3_3,primary,14,14,Implemented
2003_38_1,primary,14,14,Implemented
2003_38_2,consolidating,14,NA,Not implemented
2003_38_3,primary,14,NA,Not implemented
2003_38_4,corrective,14,NA,Not implemented
2003_53_1,primary,14,14,Implemented
2003_53_2,corrective,14,NA,Not implemented
2003_53_3,primary,14,14,Implemented
2003_80_1,primary,14,NA,Not implemented
2003_80_2,primary,14,14,Implemented
2003_80_3,primary,14,NA,Not implemented
2003_80_4,primary,14,NA,Not implemented
2003_80_5,primary,14,NA,Not implemented
2003_80_6,corrective,14,14,Implemented
2003_80_7,consolidating,14,NA,Not implemented
2003_80_8,primary,14,NA,Not implemented
2004_112_1,consolidating,14,14,Implemented
2004_186_1,corrective,14,14,Implemented
2004_186_2,corrective,14,14,Implemented
2004_186_3,consolidating,14,NA,Not implemented
2004_186_4,consolidating,14,NA,Not implemented
2004_210_1,primary,14,14,Implemented
2004_210_2,corrective,14,NA,Not implemented
2004_226_1,corrective,14,14,Implemented
2004_226_2,corrective,14,15,Implemented later
2004_239_1,primary,14,NA,Not implemented
2004_239_2,primary,14,NA,Not implemented
2004_239_3,primary,14,14,Implemented
2004_239_4,consolidating,14,NA,Not implemented
2004_243_1,primary,14,NA,Not implemented
2004_243_2,primary,14,NA,Not implemented
2004_243_3,primary,14,14,Implemented
2004_243_4,primary,14,NA,Not implemented
2004_243_5,corrective,14,NA,Not implemented
2004_243_6,consolidating,14,NA,Not implemented
2004_243_7,corrective,14,NA,Not implemented
2004_252_1,primary,14,14,Implemented
2004_252_2,corrective,14,NA,Not implemented
2004_265_1,consolidating,14,14,Implemented
2004_265_2,corrective,14,NA,Not implemented
2004_306_1,corrective,14,NA,Not implemented
2004_308_1,primary,14,14,Implemented
2004_308_2,corrective,14,15,Implemented later
2005_109_1,consolidating,14,NA,Not implemented
2005_118_1,primary,14,14,Implemented
2005_150_1,primary,14,14,Implemented
2005_150_10,primary,14,14,Implemented
2005_150_11,primary,14,NA,Not implemented
2005_150_12,primary,14,14,Implemented
2005_150_13,consolidating,14,NA,Not implemented
2005_150_2,primary,14,14,Implemented
2005_150_3,primary,14,14,Implemented
2005_150_4,primary,14,14,Implemented
2005_150_5,primary,14,14,Implemented
2005_150_6,primary,14,14,Implemented
2005_150_7,primary,14,14,Implemented
2005_150_8,consolidating,14,NA,Not implemented
2005_150_9,corrective,14,NA,Not implemented
2005_154_1,primary,14,14,Implemented
2005_168_1,corrective,14,14,Implemented
2005_230_1,corrective,14,NA,Not implemented
2005_230_2,primary,14,14,Implemented
2005_246_1,consolidating,14,16,Implemented later
2005_246_2,consolidating,14,16,Implemented later
2005_246_3,consolidating,14,NA,Not implemented
2005_246_4,consolidating,14,NA,Not implemented
2005_246_5,consolidating,14,NA,Not implemented
2005_246_6,consolidating,14,15,Implemented later
2005_246_7,consolidating,14,NA,Not implemented
2005_246_8,consolidating,14,14,Implemented
2005_246_9,consolidating,14,14,Implemented
2005_262_1,EU-related,14,15,Implemented later
2005_262_2,EU-related,14,NA,Not implemented
2005_262_3,primary,14,15,Implemented later
2005_262_4,primary,14,NA,Not implemented
2005_262_5,consolidating,14,NA,Not implemented
2005_262_6,primary,14,NA,Not implemented
2005_262_7,consolidating,14,15,Implemented later
2005_262_8,EU-related,14,NA,Not implemented
2005_32_1,primary,14,14,Implemented
2005_32_2,corrective,14,NA,Not implemented
2005_34_1,primary,14,14,Implemented
2005_34_2,primary,14,NA,Not implemented
2005_34_3,primary,14,14,Implemented
2005_56_1,corrective,14,NA,Not implemented
2005_56_2,corrective,14,NA,Not implemented
2005_62_1,EU-related,14,14,Implemented
2005_62_10,EU-related,14,NA,Not implemented
2005_62_11,EU-related,14,NA,Not implemented
2005_62_12,EU-related,14,NA,Not implemented
2005_62_13,EU-related,14,14,Implemented
2005_62_14,EU-related,14,15,Implemented later
2005_62_15,EU-related,14,NA,Not implemented
2005_62_16,EU-related,14,14,Implemented
2005_62_17,EU-related,14,15,Implemented later
2005_62_18,EU-related,14,NA,Not implemented
2005_62_19,EU-related,14,14,Implemented
2005_62_2,EU-related,14,14,Implemented
2005_62_20,EU-related,14,NA,Not implemented
2005_62_21,EU-related,14,NA,Not implemented
2005_62_3,EU-related,14,15,Implemented later
2005_62_4,EU-related,14,NA,Not implemented
2005_62_5,EU-related,14,NA,Not implemented
2005_62_6,EU-related,14,NA,Not implemented
2005_62_7,EU-related,14,14,Implemented
2005_62_8,EU-related,14,14,Implemented
2005_62_9,EU-related,14,NA,Not implemented
2005_80_1,primary,14,14,Implemented
2005_80_2,corrective,14,NA,Not implemented
2005_80_3,primary,14,14,Implemented
2005_80_4,corrective,14,15,Implemented later
2006_228_1,corrective,15,NA,Not implemented
2006_228_2,corrective,15,15,Implemented
2006_233_1,primary,15,NA,Not implemented
2006_29_1,EU-related,14,15,Implemented later
2006_29_10,EU-related,14,15,Implemented later
2006_29_11,EU-related,14,NA,Not implemented
2006_29_2,EU-related,14,15,Implemented later
2006_29_3,EU-related,14,15,Implemented later
2006_29_4,EU-related,14,NA,Not implemented
2006_29_5,EU-related,14,NA,Not implemented
2006_29_6,EU-related,14,15,Implemented later
2006_29_7,EU-related,14,NA,Not implemented
2006_29_8,EU-related,14,15,Implemented later
2006_29_9,EU-related,14,NA,Not implemented
2006_43_1,primary,14,NA,Not implemented
2007_106_1,primary,15,15,Implemented
2007_106_2,corrective,15,15,Implemented
2007_1_1,primary,15,15,Implemented
2007_111_1,primary,15,15,Implemented
2007_1_2,corrective,15,NA,Not implemented
2007_123_1,primary,15,15,Implemented
2007_123_2,corrective,15,16,Implemented later
2007_13_1,EU-related,15,15,Implemented
2007_13_2,EU-related,15,15,Implemented
2007_13_3,EU-related,15,16,Implemented later
2007_13_4,EU-related,15,15,Implemented
2007_13_5,EU-related,15,NA,Not implemented
2007_165_1,primary,15,16,Implemented later
2007_165_2,corrective,15,NA,Not implemented
2007_17_1,primary,15,NA,Not implemented
2007_247_1,primary,15,NA,Not implemented
2007_247_2,primary,15,NA,Not implemented
2007_247_3,primary,15,NA,Not implemented
2007_247_4,primary,15,NA,Not implemented
2007_247_5,primary,15,16,Implemented later
2007_247_6,primary,15,NA,Not implemented
2007_247_7,corrective,15,NA,Not implemented
2007_247_8,corrective,15,NA,Not implemented
2007_77_1,EU-related,15,15,Implemented
2007_77_2,EU-related,15,NA,Not implemented
2007_77_3,EU-related,15,NA,Not implemented
2008_34_1,EU-related,15,16,Implemented later
2008_34_10,EU-related,15,NA,Not implemented
2008_34_11,EU-related,15,16,Implemented later
2008_34_12,EU-related,15,NA,Not implemented
2008_34_13,EU-related,15,16,Implemented later
2008_34_14,EU-related,15,16,Implemented later
2008_34_15,EU-related,15,NA,Not implemented
2008_34_16,EU-related,15,NA,Not implemented
2008_34_17,EU-related,15,NA,Not implemented
2008_34_18,EU-related,15,16,Implemented later
2008_34_19,EU-related,15,NA,Not implemented
2008_34_2,EU-related,15,16,Implemented later
2008_34_20,EU-related,15,16,Implemented later
2008_34_21,EU-related,15,NA,Not implemented
2008_34_22,EU-related,15,NA,Not implemented
2008_34_23,EU-related,15,NA,Not implemented
2008_34_24,EU-related,15,NA,Not implemented
2008_34_25,EU-related,15,NA,Not implemented
2008_34_3,EU-related,15,16,Implemented later
2008_34_4,EU-related,15,16,Implemented later
2008_34_5,EU-related,15,NA,Not implemented
2008_34_6,EU-related,15,NA,Not implemented
2008_34_7,EU-related,15,16,Implemented later
2008_34_8,EU-related,15,16,Implemented later
2008_34_9,EU-related,15,NA,Not implemented
2009_15_1,primary,16,16,Implemented
2009_15_2,primary,16,NA,Not implemented
2009_15_3,primary,16,NA,Not implemented
2009_15_4,primary,16,NA,Not implemented
2009_15_5,primary,16,NA,Not implemented
2009_15_6,corrective,16,16,Implemented
2009_196_1,primary,16,16,Implemented
2009_196_10,corrective,16,NA,Not implemented
2009_196_2,corrective,16,NA,Not implemented
2009_196_3,primary,16,16,Implemented
2009_196_4,primary,16,NA,Not implemented
2009_196_5,corrective,16,NA,Not implemented
2009_196_6,primary,16,NA,Not implemented
2009_196_7,corrective,16,NA,Not implemented
2009_196_8,primary,16,16,Implemented
2009_196_9,consolidating,16,NA,Not implemented
2009_201_1,primary,16,NA,Not implemented
2009_42_1,primary,16,16,Implemented
2009_42_10,primary,16,16,Implemented
2009_42_11,primary,16,NA,Not implemented
2009_42_2,primary,16,NA,Not implemented
2009_42_20,primary,16,16,Implemented
2009_42_21,primary,16,16,Implemented
2009_42_3,corrective,16,17,Implemented later
2009_42_4,primary,16,NA,Not implemented
2009_42_5,primary,16,16,Implemented
2009_42_6,primary,16,16,Implemented
2009_42_7,primary,16,NA,Not implemented
2009_42_8,primary,16,16,Implemented
2009_42_9,primary,16,16,Implemented
2009_69_1,primary,16,NA,Not implemented
2009_69_10,primary,16,16,Implemented
2009_69_11,primary,16,16,Implemented
2009_69_12,corrective,16,NA,Not implemented
2009_69_2,corrective,16,NA,Not implemented
2009_69_3,primary,16,16,Implemented
2009_69_4,corrective,16,16,Implemented
2009_69_5,primary,16,16,Implemented
2009_69_6,primary,16,16,Implemented
2009_69_7,primary,16,16,Implemented
2009_69_8,corrective,16,16,Implemented
2009_69_9,primary,16,16,Implemented
2009_85_1,primary,16,16,Implemented
2009_88_1,EU-related,16,16,Implemented
2009_88_10,EU-related,16,NA,Not implemented
2009_88_11,EU-related,16,NA,Not implemented
2009_88_12,EU-related,16,NA,Not implemented
2009_88_13,EU-related,16,NA,Not implemented
2009_88_14,EU-related,16,16,Implemented
2009_88_15,EU-related,16,NA,Not implemented
2009_88_16,EU-related,16,NA,Not implemented
2009_88_17,corrective,16,NA,Not implemented
2009_88_2,EU-related,16,16,Implemented
2009_88_3,EU-related,16,16,Implemented
2009_88_4,EU-related,16,NA,Not implemented
2009_88_5,EU-related,16,NA,Not implemented
2009_88_6,EU-related,16,NA,Not implemented
2009_88_7,EU-related,16,NA,Not implemented
2009_88_8,EU-related,16,16,Implemented
2009_88_9,EU-related,16,16,Implemented
2009_94_1,primary,16,16,Implemented
2009_94_2,primary,16,NA,Not implemented
2009_99_1,primary,16,NA,Not implemented
2009_99_10,corrective,16,16,Implemented
2009_99_11,primary,16,16,Implemented
2009_99_12,primary,16,16,Implemented
2009_99_13,primary,16,NA,Not implemented
2009_99_14,corrective,16,NA,Not implemented
2009_99_15,primary,16,NA,Not implemented
2009_99_16,primary,16,16,Implemented
2009_99_2,corrective,16,NA,Not implemented
2009_99_3,primary,16,NA,Not implemented
2009_99_4,corrective,16,NA,Not implemented
2009_99_5,primary,16,NA,Not implemented
2009_99_6,primary,16,NA,Not implemented
2009_99_7,corrective,16,NA,Not implemented
2009_99_8,corrective,16,16,Implemented
2009_99_9,primary,16,16,Implemented
2010_136_1,primary,16,16,Implemented
2010_136_2,corrective,16,16,Implemented
2010_136_3,primary,16,16,Implemented
2010_136_4,corrective,16,16,Implemented
2010_183_1,primary,16,16,Implemented
2010_183_2,primary,16,16,Implemented
2010_183_3,primary,16,16,Implemented
2010_183_4,primary,16,NA,Not implemented
2010_240_1,primary,16,16,Implemented
2010_240_2,corrective,16,NA,Not implemented
2010_96_1,EU-related,16,16,Implemented
2010_96_10,EU-related,16,16,Implemented
2010_96_11,EU-related,16,16,Implemented
2010_96_12,EU-related,16,NA,Not implemented
2010_96_13,EU-related,16,NA,Not implemented
2010_96_2,EU-related,16,16,Implemented
2010_96_3,EU-related,16,16,Implemented
2010_96_4,EU-related,16,NA,Not implemented
2010_96_5,EU-related,16,16,Implemented
2010_96_6,EU-related,16,16,Implemented
2010_96_7,EU-related,16,16,Implemented
2010_96_8,EU-related,16,NA,Not implemented
2010_96_9,EU-related,16,16,Implemented
2011_148_1,primary,16,16,Implemented
2011_148_2,corrective,16,17,Implemented later
2011_174_1,consolidating,16,NA,Not implemented
2011_180_1,EU-related,16,16,Implemented
2011_217_1,EU-related,16,16,Implemented
2011_217_10,EU-related,16,16,Implemented
2011_217_11,EU-related,16,16,Implemented
2011_217_12,EU-related,16,16,Implemented
2011_217_13,EU-related,16,NA,Not implemented
2011_217_14,EU-related,16,NA,Not implemented
2011_217_15,EU-related,16,16,Implemented
2011_217_16,EU-related,16,16,Implemented
2011_217_17,EU-related,16,16,Implemented
2011_217_18,EU-related,16,16,Implemented
2011_217_19,EU-related,16,16,Implemented
2011_217_2,EU-related,16,NA,Not implemented
2011_217_20,EU-related,16,16,Implemented
2011_217_21,EU-related,16,16,Implemented
2011_217_22,EU-related,16,16,Implemented
2011_217_23,EU-related,16,16,Implemented
2011_217_24,EU-related,16,16,Implemented
2011_217_25,EU-related,16,16,Implemented
2011_217_26,EU-related,16,NA,Not implemented
2011_217_3,EU-related,16,16,Implemented
2011_217_4,EU-related,16,16,Implemented
2011_217_5,EU-related,16,16,Implemented
2011_217_6,EU-related,16,16,Implemented
2011_217_7,EU-related,16,16,Implemented
2011_217_8,EU-related,16,16,Implemented
2011_217_9,EU-related,16,16,Implemented
2012_190_1,primary,16,16,Implemented
2012_190_2,primary,16,NA,Not implemented
2012_190_3,primary,16,16,Implemented
2012_190_4,consolidating,16,16,Implemented
2012_190_5,primary,16,NA,Not implemented
2012_190_6,corrective,16,NA,Not implemented
2012_219_1,primary,16,17,Implemented later
2012_219_2,corrective,16,NA,Not implemented
2012_244_1,primary,16,17,Implemented later
2012_244_2,primary,16,NA,Not implemented
2012_244_3,corrective,16,NA,Not implemented
2012_247_1,primary,16,NA,Not implemented
2012_247_2,corrective,16,NA,Not implemented
2012_247_3,primary,16,NA,Not implemented
2012_247_4,consolidating,16,NA,Not implemented
2012_92_1,primary,16,16,Implemented
2012_92_2,corrective,16,NA,Not implemented
2012_92_3,primary,16,NA,Not implemented
