id_law,title_complete,total,no,yes
1987_472,"Conversione   in  legge,  con  modificazioni,  del  decreto-legge  21 settembre 1987, n. 387, recante copertura finanziaria del decreto del Presidente  della  Repubblica  10  aprile 1987, n. 150, di attuazione dell'accordo  contrattuale  triennale  relativo  al  personale  della Polizia di Stato ed estensione agli altri Corpi di polizia.",1,0,1
1988_291,"Conversione in legge, con modificazioni, del decreto-legge 30 maggio 1988, n. 173, recante misure urgenti in materia di finanza  pubblica  per l'anno 1988. Delega al Governo per la revisione  delle  categorie  delle  minorazioni  e  malattie invalidanti e dei relativi benefici.",1,0,1
1988_400,Disciplina  dell'attivitÃ   di  Governo  e ordinamento della Presidenza del Consiglio dei Ministri.,3,3,6
1989_183,Norme per il riassetto organizzativo e funzionale della difesa del suolo.,1,1,0
1989_349,"Delega al Governo ad adottare norme per l'aggiornamento, la modifica e l'integrazione delle disposizioni legislative in materia doganale, per la riorganizzazione dell'amministrazione delle dogane e imposte indirette, in materia di contrabbando e in materia di ordinamento ed esercizio dei magazzini generali e di applicazione delle discipline doganali ai predetti magazzini generali, nonchÃ¨ delega ad adottare un testo unico in materia doganale e di imposte di fabbricazione e di consumo.",4,0,20
1990_142,Ordinamento delle autonomie locali.,4,10,10
1990_158,Norme  di delega in materia di autonomia impositiva delle regioni e altre disposizioni concernenti i rapporti finanziari tra lo  Stato  e le regioni,2,0,4
1990_162,"Aggiornamento,   modifiche  ed integrazioni della legge 22 dicembre 1975,  n.  685,  recante  disciplina  degli  stupefacenti e  sostanze psicotrope,  prevenzione, cura e riabilitazione dei relativi stati di tossicodipendenza.",1,2,0
1990_218,Disposizioni   in   materia   di  ristrutturazione  e  integrazione patrimoniale degli istituti di credito di diritto pubblico.,4,4,12
1990_223,Disciplina del sistema radiotelevisivo pubblico e privato.,1,0,1
1990_395,Ordinamento del Corpo di polizia penitenziaria.,6,36,0
1990_407,Disposizioni diverse per l'attuazione della manovra di finanza pubblica 1991-1993.,1,0,1
1990_408,"Disposizioni  tributarie in materia di rivalutazione di beni delle imprese e di smobilizzo di riserve e fondi in sospensione di imposta, nonchÃ¨  disposizioni di razionalizzazione e semplificazione. Deleghe al Governo per la revisione del trattamento tributario della famiglia e  delle  rendite  finanziarie  e per la revisione delle agevolazioni tributarie.",3,9,0
1991_190,Delega  al  Governo  per  la  revisione  delle norme concernenti la disciplina della circolazione stradale.,2,2,2
1991_202,"Conversione  in  legge,  con  modificazioni,  del  decreto-legge 13 maggio 1991, n. 151, recante provvedimenti  urgenti  per  la  finanza pubblica.",1,0,1
1991_374,Istituzione del giudice di pace.,1,1,0
1991_413,"Disposizioni per ampliare le basi imponibili, per  razionalizzare, facilitare e potenziare l'attivitÃ  di accertamento; disposizioni per la    rivalutazione  obbligatoria  dei  beni  immobili delle imprese, nonchÃ¨  per riformare il contenzioso e per la definizione  agevolata dei    rapporti   tributari  pendenti;  delega  al  Presidente  della Repubblica  per  la  concessione  di  amnistia  per reati  tributari; istituzioni dei centri di assistenza fiscale e del conto fiscale.",1,1,0
1992_158,Unificazione  degli  ordinamenti  degli  uffici  principali e degli uffici   locali   dell'Amministrazione   delle    poste    e    delle telecomunicazioni.,1,1,0
1992_216,"Conversione in legge, con modificazioni, del decreto-legge 7 gennaio 1992, n. 5, recante autorizzazione di spesa per la perequazione del trattamento economico dei sottufficiali dell'Arma dei carabinieri in relazione alla sentenza della Corte costituzionale n. 277 del 3-12 giugno 1991 e all'esecuzione di giudicati, nonchÃ¨ perequazione dei trattamenti economici relativi al personale delle corrispondenti categorie delle altre Forze di polizia. Delega al Governo per disciplinare i contenuti del rapporto di impiego delle Forze di polizia e del personale delle Forze armate nonchÃ¨ per il riordino delle relative carriere, attribuzioni e trattamenti economici.",2,4,0
1992_217,"Conversione in  legge,  con  modificazioni,  del  decreto-legge  18 gennaio  1992,  n.  9, recante disposizioni urgenti per l'adeguamento degli organici delle Forze di  polizia  e  del  Corpo  nazionale  dei vigili  del fuoco, nonchÃ¨ per il potenziamento delle infrastrutture, degli impianti e delle attrezzature delle Forze di polizia. Delega al Governo per  disciplinare  le  dotazioni  organiche  degli  ufficiali dell'Arma dei carabinieri.",1,1,0
1996_662,Misure di razionalizzazione della finanza pubblica,16,0,304
1996_676,Delega al Governo in materia di tutela delle persone e di altri soggetti rispetto al trattamento dei dati personali,2,0,4
1997_127,Misure urgenti per lo snellimento dell' attivitÃ  amministrativa e dei procedimenti di decisione e di controllo,3,0,12
1997_196,Norme in materia di promozione dell' occupazione,2,0,4
1997_254,Delega al Governo per l' istituzione del giudice unico di primo grado,1,0,3
1997_433,Delega al Governo per l' introduzione dell' EURO,1,0,2
1997_449,Misure per la stabilizzazione della finanza pubblica,8,9,63
1997_454,Interventi per la ristrutturazione dell' autotrasporto e lo sviluppo dell' intermodalitÃ ,2,0,4
1997_59,"Delega al Governo per il conferimento di funzioni e compiti alle regioni ed enti locali, per la riforma della Pubblica Amministrazione e per la semplificazione amministrativa",11,0,176
1997_94,"Modifiche alla legge 5 agosto 1978, n. 468, e successive modificazioni e integrazioni, recante norme di contabilitÃ  generale dello Stato in materia di bilancio. Delega al Governo per l' individuazione delle unitÃ  previsionali di base del bilancio dello Stato ( Stralcio degli articoli da 1 a 4 e da 10 a 13 del disegno di legge C2732, deliberato dall' Assemblea nella seduta del 4 marzo 1997 )",2,0,6
1998_110,"Ratifica ed esecuzione della Convenzione internazionale per la protezione dei ritrovati vegetali, adottata a Parigi il 2 dicembre 1961 e riveduta a Ginevra il 10 novembre 1972, il 23 ottobre 1978 ed il 19 marzo 1991",1,0,1
1998_274,Disposizioni in materia di attivitÃ  produttive,1,0,1
1998_288,"Delega al Governo per la revisione della disciplina concernente l' imposta sugli spettacoli e l' imposta unica di cui alla legge 22 dicembre 1951, n. 1379 ( Stralcio dell' articolo 15 del disegno di legge C4354, deliberato dall' Assemblea nella seduta del 12 dicembre 1997 )",2,0,6
1998_337,"Delega al Governo per il riordino della disciplina relativa alla riscossione ( Stralcio degli articoli 56, 61 ( commi 31 e 32), 65 e 66 del disegno di legge C2372, deliberato dall' Assemblea nella seduta del 14 novembre 1996 )",1,0,2
1998_40,Disciplina dell' immigrazione e norme sulla condizione dello straniero,1,3,0
1998_419,"Delega al Governo per la razionalizzazione del Servizio sanitario nazionale e per l' adozione di un testo unico in materia di organizzazione e funzionamento del Servizio sanitario nazionale. Modifiche al decreto legislativo 30 dicembre 1992, n. 502",2,0,10
1998_461,"Delega al Governo per il riordino della disciplina civilistica e fiscale degli enti conferenti, di cui all' articolo 11, comma 1, del decreto legislativo 20 novembre 1990, n. 356, e della disciplina fiscale delle operazioni di ristrutturazione bancaria",4,12,4
1998_483,Finanziamenti e interventi per opere di interesse locale,1,1,0
1998_485,Delega al Governo in materia di sicurezza del lavoro nel settore portuale e marittimo,1,0,1
1999_108,Nuove norme in materia di punti vendita per la stampa quotidiana e periodica,1,0,1
1999_133,"Disposizioni in materia di perequazione, razionalizzazione e federalismo fiscale ( Per l' approvazione finale alla Camera dei deputati del testo, vedi fase C5858-bis )",11,168,63
1999_144,"Misure in materia di investimenti, delega al Governo per il riordino degli incentivi all' occupazione e della normativa che disciplina l' INAIL, nonchÃ¨ disposizioni per il riordino degli enti previdenziali ( Per la fase Camera, vedi disegno di legge C5809-bis )",6,12,60
1999_155,"Delega al Governo per l' istituzione di nuovi tribunali e per la revisione dei circondari di Milano, Roma, Napoli, Palermo e Torino",1,0,2
1999_205,Delega al Governo per la depenalizzazione dei reati minori e modifiche al sistema penale e tributario,3,3,6
1999_208,"Disposizioni in materia finanziaria e contabile ( Stralcio dei commi 2 e 3 dell' articolo 43 del disegno di legge C4354, deliberato dall' Assemblea il 16 dicembre 1997 )",1,0,2
1999_266,"Delega al Governo per il riordino delle carriere diplomatica e prefettizia, nonchÃ¨ disposizioni per il restante personale del Ministero degli affari esteri, per il personale militare del Ministero della difesa, per il personale dell' Amministrazione penitenziaria e per il personale del Consiglio superiore della magistratura",7,10,60
1999_380,Delega al Governo per l' istituzione del servizio militare volontario femminile,1,0,1
1999_468,"Modifiche alla legge 21 novembre 1991, n. 374, recante istituzione del giudice di pace. Delega al Governo in materia di competenza penale del giudice di pace e modifica dell' articolo 593 del codice di procedura penale",1,0,1
2000_300,"Ratifica ed esecuzione dei seguenti Atti internazionali elaborati in base all' articolo K.3 del Trattato sull' Unione europea: Convenzione sulla tutela degli interessi finanziari delle ComunitÃ  europee, fatta a Bruxelles il 26 luglio 1995, del suo primo Protocollo fatto a Dublino il 27 settembre 1996, del Protocollo concernente l' interpretazione in via pregiudiziale, da parte della Corte di Giustizia delle ComunitÃ  europee, di detta Convenzione, con annessa dichiarazione, fatto a Bruxelles il 29 novembre 1996, nonchÃ¨ della Convenzione relativa alla lotta contro la corruzione nella quale sono coinvolti funzionari delle ComunitÃ  europee o degli Stati membri dell' Unione europea, fatta a Bruxelles il 26 maggio 1997 e della Convenzione OCSE sulla lotta alla corruzione di pubblici ufficiali stranieri nelle operazioni economiche internazionali, con annesso, fatta a Parigi il 17 dicembre 1997. Delega al Governo per la disciplina della responsabilitÃ  amministrativa delle persone giuridiche e degli enti privi di personalitÂ¿ giuridica",2,2,2
2000_328,Legge quadro per la realizzazione del sistema integrato di interventi e servizi sociali,2,2,2
2000_331,Norme per l' istituzione del servizio militare professionale,1,0,2
2000_78,"Delega al Governo in materia di riordino dell' Arma dei carabinieri, del Corpo forestale dello Stato, del Corpo della Guardia di finanza e della Polizia di Stato. Norme in materia di coordinamento delle Forze di polizia",4,0,28
2001_142,"Revisione della legislazione in materia cooperativistica, con particolare riferimento alla posizione del socio lavoratore",2,6,0
2001_366,Delega al Governo per la riforma del diritto societario,3,0,12
2001_383,Primi interventi per il rilancio dell' economia,1,2,0
2001_443,Delega al Governo in materia di infrastrutture ed insediamenti produttivi strategici ed altri interventi  per il rilancio  delle attivitÃ  produttive,2,4,4
2001_57,Disposizioni in materia di apertura e regolazione dei mercati,2,3,3
2001_64,Istituzione del servizio civile nazionale,1,1,0
2001_86,Disposizioni in materia di personale delle Forze armate e delle Forze di polizia,1,1,0
2002_137,"Delega per la riforma dell' organizzazione del Governo e della Presidenza del Consiglio dei ministri, nonchÃ¨ di enti pubblici",2,11,11
2002_166,Disposizioni in materia di infrastrutture e trasporti,2,4,4
2002_273,Misure per favorire l' iniziativa privata e lo sviluppo della concorrenza,1,0,4
2003_290,"Conversione in legge, con modificazioni, del decreto-legge 29 agosto 2003, n. 239, recante disposizioni urgenti per la sicurezza  del sistema elettrico nazionale e per il recupero di potenza di energia elettrica. Deleghe al Governo in materia di remunerazione della capacitÃ  produttiva di energia elettrica e di espropriazione per pubblica utilitÃ ",1,0,2
2003_3,Disposizioni ordinamentali in materia di pubblica amministrazione,2,3,3
2003_30,Delega al Governo in materia di occupazione e mercato del lavoro,6,0,54
2003_38,Disposizioni in materia di agricoltura,2,4,4
2003_53,Delega al Governo per la definizione delle norme generali sull' istruzione e dei livelli essenziali delle prestazioni in materia di istruzione e formazione professionale,2,0,6
2003_80,Delega al Governo per la riforma del sistema fiscale statale,6,40,8
2004_210,Delega al Governo per la tutela dei diritti patrimoniali degli acquirenti di immobili da costruire,1,0,2
2004_239,"Riordino del settore energetico, nonchÃ¨ delega al Governo per il riassetto delle disposizioni vigenti in materia di energia",3,8,4
2004_243,"Norme in materia pensionistica e deleghe al Governo nel settore della previdenza pubblica, per il sostegno alla previdenza complementare e all' occupazione stabile e per il riordino degli enti di previdenza e assistenza obbligatoria",4,21,7
2004_252,Delega al Governo per la disciplina in materia di rapporto di  impiego del personale del Corpo nazionale dei vigili del fuoco,1,0,2
2004_308,"Delega al Governo per il riordino, il coordinamento e l' integrazione della legislazione in materia ambientale e misure di diretta applicazione",1,0,2
2005_118,Delega al Governo concernente la disciplina dell' impresa sociale,1,0,1
2005_150,"Delega al Governo per la riforma dell' ordinamento giudiziario di cui al regio decreto 30 gennaio 1941, n. 12, per il decentramento del Ministero della giustizia, per  la modifica della disciplina concernente il Consiglio di presidenza della Corte dei conti e il Consiglio di presidenza della giustizia amministrativa, nonchÃ¨ per l' emanazione di un testo unico",10,13,117
2005_154,Delega al Governo per la disciplina dell' ordinamento della carriera dirigenziale penitenziaria,1,0,1
2005_230,Nuove disposizioni concernenti i professori ed i ricercatori universitari e delega al Governo per il riordino del reclutamento dei professori universitari,1,0,2
2005_262,Disposizioni per la tutela del risparmio e la disciplina dei mercati finanziari,3,24,0
2005_32,Delega al Governo per il riassetto normativo del settore dell' autotrasporto di persone e cose,1,0,2
2005_34,Delega al Governo per l' istituzione dell' Ordine dei dottori commercialisti e degli esperti contabili,3,3,6
2005_80,"Conversione in legge, con modificazioni,  del decreto-legge 14 marzo 2005, n. 35, recante disposizioni urgenti nell' ambito del Piano di azione per lo sviluppo economico, sociale e territoriale. Deleghe al Governo per la modifica del codice di procedura civile in materia di processo di cassazione e di arbitrato nonchÃ¨ per la riforma organica della disciplina delle procedure concorsuali",2,0,8
2006_43,"Disposizioni in materia di professioni sanitarie infermieristiche, ostetrica, riabilitative, tecnico - sanitarie e della prevenzione e delega al Governo per l' istituzione dei relativi ordini professionali",1,1,0
2009_15,Delega al Governo finalizzata all'ottimizzazione della;produttivita' del lavoro pubblico e alla efficienza e trasparenza;delle pubbliche amministrazioni nonche' disposizioni integrative;delle funzioni attribuite al Consiglio nazionale dell'economia e del;lavoro e alla Corte dei conti.,5,24,6
2009_196,Legge di contabilita' e finanza pubblica. (09G0201),5,20,30
2009_201,"Adesione della Repubblica italiana al Protocollo di modifica della;Convenzione del 1976 sulla limitazione della responsabilita' in;materia di crediti marittimi, adottato a Londra il 2 maggio 1996;nonche' delega al Governo per la sua attuazione. (10G0003)",1,1,0
2009_42,"Delega al Governo in materia di federalismo fiscale, in attuazione;dell'articolo 119 della Costituzione. (09G0053)",12,52,104
2009_69,"Disposizioni per lo sviluppo economico, la semplificazione, la;competitivita' nonche' in materia di processo civile. (09G0069)",8,12,84
2009_85,"Adesione della Repubblica italiana al Trattato concluso il 27;maggio 2005 tra il Regno del Belgio, la Repubblica federale di;Germania, il Regno di Spagna, la Repubblica francese, il Granducato;di Lussemburgo, il Regno dei Paesi Bassi e la Repubblica d'Austria;relativo all'approfondimento della cooperazione transfrontaliera, in;particolare allo scopo di contrastare il terrorismo, la criminalita';transfrontaliera e la migrazione illegale (Trattato di Prum).;Istituzione della banca dati nazionale del DNA e del laboratorio;centrale per la banca dati nazionale del DNA. Delega al Governo per;l'istituzione dei ruoli tecnici del Corpo di polizia penitenziaria.;Modifiche al codice di procedura penale in materia di accertamenti;tecnici idonei ad incidere sulla liberta' personale. (09G0092)",1,0,1
2009_94,Disposizioni in materia di sicurezza pubblica. (09G0096),2,2,2
2009_99,"Disposizioni per lo sviluppo e l'internazionalizzazione delle;imprese, nonche' in materia di energia. (09G0111)",10,96,64
2010_136,"Piano straordinario contro le mafie, nonche' delega al Governo in;materia di normativa antimafia. (10G0162)",2,0,8
2010_183,"Deleghe al Governo in materia di lavori usuranti, di riorganizzazione;di enti, di congedi, aspettative e permessi, di ammortizzatori;sociali, di servizi per l'impiego, di incentivi all'occupazione, di;apprendistato, di occupazione femminile, nonche' misure contro il;lavoro sommerso e disposizioni in tema di lavoro pubblico e di;controversie di lavoro. (10G0209)",4,4,12
2010_240,"Norme in materia di organizzazione delle universita', di personale;accademico e reclutamento, nonche' delega al Governo per incentivare;la qualita' e l'efficienza del sistema universitario. (11G0009)",1,0,2
2011_148,"Conversione in legge, con modificazioni, del decreto-legge 13 agosto;2011, n. 138, recante ulteriori misure urgenti per la stabilizzazione;finanziaria e per lo sviluppo. Delega al Governo per la;riorganizzazione della distribuzione sul territorio degli uffici;giudiziari. (11G0190)",1,0,2
2012_190,Disposizioni per la prevenzione e la repressione della corruzione e;dell'illegalita' nella pubblica amministrazione. (12G0213),4,12,12
2012_219,Disposizioni in materia di riconoscimento dei figli naturali.;(12G0242),1,2,0
2012_244,Delega al Governo per la revisione dello strumento militare nazionale;e norme sulla medesima materia. (13G00013),2,6,0
2012_247,Nuova disciplina dell'ordinamento della professione forense.;(13G00018),2,8,0
2012_92,Disposizioni in materia di riforma del mercato del lavoro in una;prospettiva di crescita. (12G0115),2,3,3
